event_date,drug_norm,event_label,source_type,notes
2012-02-28,ATORVASTATIN,statin_label_change_glycaemia_cognition,FDA_DSC,"FDA safety label changes for statins (blood sugar / HbA1c, cognitive effects); verify at FDA DSC index"
2012-02-28,SIMVASTATIN,statin_label_change_glycaemia_cognition,FDA_DSC,"same communication as atorvastatin row"
2012-02-28,ROSUVASTATIN,statin_label_change_glycaemia_cognition,FDA_DSC,"same communication as atorvastatin row"
2013-08-15,CIPROFLOXACIN,fluoroquinolone_peripheral_neuropathy,FDA_DSC,"FQ label change for peripheral neuropathy"
2013-08-15,LEVOFLOXACIN,fluoroquinolone_peripheral_neuropathy,FDA_DSC,"FQ label change for peripheral neuropathy"
2015-05-15,CANAGLIFLOZIN,sglt2_ketoacidosis,FDA_DSC,"SGLT2 inhibitors and ketoacidosis"
2015-05-15,DAPAGLIFLOZIN,sglt2_ketoacidosis,FDA_DSC,"SGLT2 inhibitors and ketoacidosis"
2015-05-15,EMPAGLIFLOZIN,sglt2_ketoacidosis,FDA_DSC,"SGLT2 inhibitors and ketoacidosis"
2016-07-26,CIPROFLOXACIN,fluoroquinolone_disabling_effects_boxed,FDA_DSC,"FQ restrict use; boxed warning update"
2016-07-26,LEVOFLOXACIN,fluoroquinolone_disabling_effects_boxed,FDA_DSC,"FQ restrict use; boxed warning update"
2018-12-20,CIPROFLOXACIN,fluoroquinolone_aortic_aneurysm,FDA_DSC,"FQ aortic aneurysm/dissection warning"
2018-12-20,LEVOFLOXACIN,fluoroquinolone_aortic_aneurysm,FDA_DSC,"FQ aortic aneurysm/dissection warning"
2019-02-21,FEBUXOSTAT,febuxostat_cv_death_boxed,FDA_DSC,"Boxed warning for CV death (CARES trial)"
2020-03-04,MONTELUKAST,montelukast_neuropsychiatric_boxed,FDA_DSC,"Boxed warning for neuropsychiatric events"
2020-09-23,ALPRAZOLAM,benzodiazepine_boxed_update,FDA_DSC,"Class-wide boxed warning update (abuse, dependence, withdrawal)"
2020-09-23,LORAZEPAM,benzodiazepine_boxed_update,FDA_DSC,"Class-wide boxed warning update"
2021-09-01,TOFACITINIB,jak_inhibitor_boxed_cv_cancer,FDA_DSC,"JAK inhibitor boxed warning (ORAL Surveillance)"
2024-01-11,SEMAGLUTIDE,glp1_suicidal_ideation_evaluation,FDA_statement,"FDA preliminary evaluation found no evidence of causal link; media coverage heavy"
